TP,FP,FN,precision,recall,f1
2885,2233,9745,0.5636967565455256,0.22842438638163104,0.32510705431597925
