TP,FP,FN,precision,recall,f1
2324,1276,10306,0.6455555555555555,0.18400633412509898,0.2863832409118916
