TP,FP,FN,precision,recall,f1
4901,7423,7729,0.39767932489451474,0.3880443388756928,0.3928027570730143
