TP,FP,FN,precision,recall,f1
1744,739,10886,0.70237615787354,0.13808392715756135,0.2307946800767551
