TP,FP,FN,precision,recall,f1
2618,1778,10012,0.5955414012738853,0.2072842438638163,0.30752966051920594
