TP,FP,FN,precision,recall,f1
3446,3360,9184,0.5063179547458125,0.2728424386381631,0.3545997118748713
