TP,FP,FN,precision,recall,f1
10895,1735,1735,0.8626286619160728,0.8626286619160728,0.8626286619160728
