TP,FP,FN,precision,recall,f1
10079,2551,2551,0.7980205859065717,0.7980205859065717,0.7980205859065717
